{"GFLOPs": 7.845e-07, "graph": {"_type": "graph-file", "sha256": "6deb6126a0615bc0e2d9c38ffead5210ef95304c59cd59a893eb1cac59ca2b00", "size": 446, "path": "media/graph/graph_summary_6deb6126a0615bc0e2d9.graph.json"}, "epoch": 99, "_timestamp": 1673085508.1679335, "loss": 5.920029163360596, "accuracy": 0.5975833535194397, "val_loss": 5.405538082122803, "val_accuracy": 0.46230000257492065, "_runtime": 794.0874943733215, "_step": 109, "best_val_loss": 0.28027188777923584, "best_epoch": 91, "_wandb": {"runtime": 207}}