{"GFLOPs": 0.000406814, "graph": {"_type": "graph-file", "sha256": "01f27031e47261144cf99fa90e01d5a5e66ceb3b1210c9a031b43e0ada6fb160", "size": 440, "path": "media/graph/graph_summary_01f27031e47261144cf9.graph.json"}, "epoch": 4, "_timestamp": 1663879100.5947776, "loss": 0.04183545708656311, "accuracy": 0.9890833497047424, "_runtime": 234.63211369514465, "_step": 4, "_wandb": {"runtime": 74}}