{"GFLOPs": 7.845e-07, "graph": {"_type": "graph-file", "sha256": "6deb6126a0615bc0e2d9c38ffead5210ef95304c59cd59a893eb1cac59ca2b00", "size": 446, "path": "media/graph/graph_summary_6deb6126a0615bc0e2d9.graph.json"}, "epoch": 9, "_timestamp": 1673086092.179704, "loss": 6.946978569030762, "accuracy": 0.6136999726295471, "val_loss": 0.9870200157165527, "val_accuracy": 0.6557999849319458, "_runtime": 37.040915966033936, "_step": 9, "best_val_loss": 0.49446505308151245, "best_epoch": 8, "_wandb": {"runtime": 26}}