{"GFLOPs": 7.845e-07, "graph": {"_type": "graph-file", "sha256": "6deb6126a0615bc0e2d9c38ffead5210ef95304c59cd59a893eb1cac59ca2b00", "size": 446, "path": "media/graph/graph_summary_6deb6126a0615bc0e2d9.graph.json"}, "epoch": 9, "_timestamp": 1673086507.3686109, "loss": 0.020384332165122032, "accuracy": 0.9795833230018616, "val_loss": 0.016772735863924026, "val_accuracy": 0.9832000136375427, "_runtime": 38.464669942855835, "_step": 9, "best_val_loss": 0.016772735863924026, "best_epoch": 9}