{"GFLOPs": 0.000402179, "graph": {"_type": "graph-file", "sha256": "6deb6126a0615bc0e2d9c38ffead5210ef95304c59cd59a893eb1cac59ca2b00", "size": 446, "path": "media/graph/graph_summary_6deb6126a0615bc0e2d9.graph.json"}, "epoch": 9, "_timestamp": 1673084129.4801455, "loss": 6.326127529144287, "accuracy": 0.6103666424751282, "val_loss": 1.2821074724197388, "val_accuracy": 0.8664000034332275, "_runtime": 22.181610345840454, "_step": 9, "best_val_loss": 1.2821074724197388, "best_epoch": 9, "_wandb": {"runtime": 23}}