{"GFLOPs": 7.845e-07, "graph": {"_type": "graph-file", "sha256": "6deb6126a0615bc0e2d9c38ffead5210ef95304c59cd59a893eb1cac59ca2b00", "size": 446, "path": "media/graph/graph_summary_6deb6126a0615bc0e2d9.graph.json"}, "epoch": 99, "_timestamp": 1673086364.2609818, "loss": 5.398530960083008, "accuracy": 0.6109833121299744, "val_loss": 1.18910813331604, "val_accuracy": 0.7991999983787537, "_runtime": 204.09444069862366, "_step": 99, "best_val_loss": 0.686275839805603, "best_epoch": 32, "_wandb": {"runtime": 299}}